{"title": "萨摩耶犬瘟热的症状 早期主要表现为感冒症状"}
{"title": "2019第十届西部CPF国际宠博会重庆展"}
{"title": "萨摩耶犬咳嗽 主要是由于气温差变化较大引起"}
{"title": "萨摩耶犬常见病 萨摩耶犬容易患的三种疾病"}
{"title": "萨摩耶犬犬瘟热 最初体温升高达40度左右"}
{"title": "松狮犬皮肤病如何冶病 千万不能随意给狗狗用药"}
{"title": "松狮犬皮肤病什么症状 嘴唇周围皮肤发红脱毛"}
{"title": "史宾格犬最易犯什么病 六种史宾格容易犯的病"}
{"title": "松鼠感冒了怎么办 注意保持房间内的通风"}
{"title": "松鼠打喷嚏怎么办 可以喂点板蓝根冲剂"}
{"title": "毛孩嘴巴怪怪的？可能食道卡异物要当心！"}
{"title": "狗怀孕了能打胎吗 用试纸能试出来吗"}
{"title": "黄眉柳莺吃什么 柳莺喜欢吃蝽象叶跳蝉"}
{"title": "狗狗很瘦怎么办 如何合理控制狗狗的饮食"}
{"title": "塞内加尔鹦鹉聪明吗 有模仿及学话的能力"}
{"title": "黄眉柳莺和黄腰柳莺的区别 没有淡黄色的眉纹"}
{"title": "美系秋田犬长多高 公犬肩高在66到71厘米"}
{"title": "家庭怎样养热带鱼 家庭养热带鱼用什么样的水"}
{"title": "什么热带鱼最漂亮 推荐几种漂亮的热带鱼"}
{"title": "猫老叫怎么办 首先需要判断小猫叫的原因"}
{"title": "西施熊怎么养 笼子门上要记得用铁丝关住"}
{"title": "西施熊品种 西施熊品种只有一种有不同颜色"}
{"title": "怎么辨别兔子的公母 公兔的睾丸隐藏在肚子里"}
{"title": "如何养西施熊 需要准备一个比较大的跑轮"}
{"title": "波兰兔怎么样 波兰兔胆小怕惊而善跑"}
{"title": "雷克斯兔怎样 雷克斯兔享有兔中之王的美誉"}
{"title": "英国安哥拉兔能活多久 安哥拉兔能活10年左右"}
{"title": "招财鱼属于热带鱼吗 招财鱼是热带鱼的一种"}
{"title": "柴犬能吃米饭吗 柴犬吃米饭的好处"}
{"title": "柴犬能吃什么水果 柴犬能吃的水果原来这么多"}
{"title": "柴犬咬人怎么办 这招可以简单防止柴犬咬人"}
{"title": "云雀是什么鸟 云雀共有4个物种是一类鸣禽"}
{"title": "西班牙凯塔斯辅治功效口服液全国云端直播上市会圆满举办!"}
{"title": "ZIWI滋益巅峰在第23届亚宠会喜获佳绩"}
{"title": "打破禁锢，优朗为宠物提供有针对性营养补充奶"}
{"title": "美国女孩迷你猪当宠物，不料养成了大肥猪"}
{"title": "《亲爱的·客栈》迎来首位萌宠住客入住，瞬间圈粉无数"}
{"title": "女子暖心收留可怜浪汪 它救回奶奶一命以回报"}
{"title": "超害羞的浪喵！ 爱上自己认定的把拔变身自信猫皇"}
{"title": "暖男狗狗每天都来亲访 让独居奶奶重拾对生活的热情"}
{"title": "本汪肚子饿，快放饭饭！ 不然森七七摔碗给你看"}
{"title": "小猫咬坏耳机惹主人怒斥 竟献上小蛇乞赔罪求原谅"}
{"title": "这只喜欢生活在夹缝里的汪星人 治愈了16万的网友"}
{"title": "国任保险推出3个月免费宠物医疗保险，从此养宠无忧"}
{"title": "CBNData联合红嘴猫发布《猫咪饮食健康趋势洞察报告》"}
{"title": "美的双十二进军非家电类目：萌宠“起居系列”来袭"}
{"title": "爱宠人士看过来！小天鹅洗烘套装拯救你的“崩溃瞬间”"}
{"title": "优朗——深耕细作 只为爱宠优选精准营养"}
{"title": "你有想过将宠物带入工作场所吗？ 宠物在工作场所可以带来的好处有这些"}
{"title": "10种世界最小的动物，原来只有硬币那么大"}
{"title": "有情猫终成眷属 主人的隔空纸条把\"缘分\"变成了\"缘份\""}
{"title": "2019宁波宠物博览会 将于9月27-29日在宁波国际会议展览中心举行"}
{"title": "快速发展 全面升级 成都宠博会重磅来袭"}
{"title": "RedDog红狗独家冠名《宠物医院》 成功打响2019年全国首档宠物医疗观察类真人秀纪录片第一枪"}
