{"name": "一千零一夜", "info": "　　《一千零一夜》是“英语大书虫世界经典名译典藏书系”系列之一，又名《天方夜谭》，阿拉伯民间故事集。故事内容包括神话传说、寓言童话、婚姻爱情、航海冒险、宫廷趣闻和名人轶事等，故事中的人物有天仙精怪，国王大臣，富商巨贾，庶民百姓，三教九流，应有尽有。这些故事和人物形象相互交织，组成了中世纪阿拉伯帝国社会生活的复杂画面，是研究阿拉伯和东方历史、文化、宗教、民俗等的珍贵资料。这些口头创作的故事，经过几百年的修改、补充，到16世纪才*后编定。它是世界上极具生命力、久负盛名，拥有*多读者和影响力的作品之一。它的艺术魅力历久不衰，对世界文化，特别是欧洲文化产生过巨大的影响。"}
{"name": "好兵帅克", "info": "　　本书为中外名著彩绘版生字注音：扫除阅读障碍精彩释义：扫除字句障碍批注点评：扫除理解障碍名师导读：扫除感悟障碍基本信息书名：中外名著彩绘版系列：好兵帅克定价：58元作者：（捷克）雅·哈谢克出版社：河北少年儿童出版社ISBN：9787559509345装帧：平装-胶订开本：16开内容提要《好兵帅克历险记》是哈谢克的作，也是一部传世讽刺杰作。次世界大战期间，奥匈帝国以武力奴役捷克民族，迫使捷克人去充当战争的炮灰。出于劣势的捷克民族不得不采用令统治者无可奈何的绝妙办法进行抵抗。小说的主人公帅克就是这样一位典型人物：他激励“效忠”统治者，总是一本正经地执行上级的命令，然而他又能每次都把事情搞砸，搅得鸡犬不宁。他越忠顺地执行命令，闹出的乱子就越大，暴露出统治者的命令本身就是虚伪荒唐、破绽百出。小说讲述了帅克从应征入伍到开赴前线的种种遭遇，以嬉笑怒骂的手法，揭露了奥匈帝国的残暴腐朽与昏庸无能。"}
{"name": "呼啸山庄", "info": "　　《呼啸山庄（无障碍阅读）》讲的是一个关于爱情与复仇的故事，弃儿希思克利夫在利物浦的大街上被好心的恩肖先生捡到，带回家抚养，他与恩肖的儿子亨德利和女儿凯瑟琳生活在一起。亨德利讨厌希思克利夫，而凯瑟琳却喜欢希思克利夫。恩肖死后，亨德利成了一家之主，他把希思克利夫当仆人对待，剥夺了他受教育的权利，并百般侮辱、虐待他。与此同时，凯瑟琳和希思克利夫成为好朋友。并产生了朦胧的爱情。富绅之子林敦频繁登门拜访，并向凯瑟琳求爱。凯瑟琳对他表示了好感，并决定嫁给他，希思克利夫愤而出走。凯瑟琳嫁给了林敦，三年后，希思克利夫也发财回来了。亨德利染上了赌博的恶习，希思克利夫引诱他进一步堕落，占有了他的全部家产，并将他的儿子教唆成一个文盲和无赖。希思克利夫利用欺骗手段娶了林敦的妹妹伊莎贝拉为妻，婚后百般虐待她。凯瑟琳在病痛中生下女儿小凯瑟琳后去世，伊莎贝拉生下了儿子小林敦。后来，伊莎贝拉死去，希思克利夫诱使小林敦与小凯瑟琳相爱。在林敦病重之时，他劫持了小凯瑟琳，强迫她与小林敦成亲，还吞并了林敦和小凯瑟琳的全部家产，完成了他的复仇计划。小林敦病情越来越严重，不久便死了。小凯瑟琳与亨德利的儿子哈里顿在相处过程中产生了爱情。这让希斯克非常恼怒，然而，当他再仔细观察他们时，昔日的凯瑟琳和他相爱时的情景浮现眼前。此时此刻，他心头的恨消失了，他不忍心再报复。在一个风雪之夜，他呼唤着凯瑟琳的名字，离开人世。"}
{"name": "红与黑 幽谷百合", "info": "　　本书分为《红与黑》《幽谷百合》两部分。《红与黑》围绕主人公于连个人奋斗的经历与*终失败，尤其是他的两次爱情的描写，抨击了当时贵族的反动、教会的黑暗和资产阶级新贵的卑鄙庸俗、利欲熏心。《幽谷百合》围绕费利克斯与莫瑟夫伯爵夫人的情感纠葛展开，谱写了一曲哀婉动人的爱情悲歌。本译本文笔细腻，对里面景色和人物心理的描绘很到位，精致古朴、哀婉动人。"}
{"name": "忏悔录", "info": "　　卢梭是法国18世纪伟大的思想家和文学家。这部名为“忏悔”实为“控诉”的《忏悔录》记载了他从出生到被迫离开圣皮埃尔岛之间五十年的生活经历，讲述了他被侮辱和被损害的一生。作品思想内容丰富，人物形象鲜明，情节生动真实，是卢梭文学创作中为重要的一部。这部《忏悔录》分为上下两编，上编从他的诞生叙述到1742年他带着他的音乐从夏梅特到巴黎，下编追忆的是他登上文坛之后的不幸遭遇和被逐出圣皮埃尔岛之后不得不流亡英国的经历。"}
{"name": "枫泾乡贤诗词录", "info": "　　《枫泾乡贤诗词录》是一部辑录枫泾乡贤诗词的综合性诗集。所录作品始于唐朝而止于清代，涉及作者156人，入选诗词作品千余篇。《枫泾乡贤诗词录》以枫泾文人为主体（含少量游寓），以诗存人；作品顺序按照作者出生年份的先后来排列，闺秀、释道之诗附于后，每个作者附有简介。值得一提的是，编者对每个作者的生卒年份作了较深人的考证，部分难以分辨确切年份的，在生卒年份前加上一个“约”字，能达到相当接近的程度。所以，除了诗词作品外，这些作者简介对研究枫泾文史也有重要的参考价值。"}
{"name": "基于核心素养的教学评系列：语文（8上新教学设计）", "info": "　　《新教学设计》《学习与测试》和“线上学习系统”，三者一体化设计，充分发挥线上线下混合学习的综合效应。本套丛书聚焦学生的学习，激发学生的学习兴趣，培育学生对祖国语文的感情；遵循语文学习规律，发掘教材单元的教育价值，精心设计教学活动，嵌入学习评价和反馈，整体提升学生的语文素养；引导学生积极主动地学习，创造性学习，在真实生活情境中学习，运用新的方法和技术学习，走进智慧优美、丰富精彩的语文世界。本册是针对语文八年级上册的教师用书，书中分为流年里的影像、我的语文学习地图等内容。"}
{"name": "吓我一跳（精）", "info": "　　本套书汇集了小朋友非常熟悉的霸王龙、长颈龙、鸭嘴龙等，通过生动有趣的语言讲述了一个个感人的故事，让孩子在轻松快乐的氛围中了解和掌握有关恐龙的知识。本丛书主要讲述了呆萌、可爱的小鸭嘴龙，在没有爸爸妈妈的情况下跌跌撞撞地成长。本册《吓我一跳》讲述了小鸭嘴龙上当受骗，差点被霸王龙吃掉，在小蛋壳的帮助下成功逃脱的惊险故事……该书排版样式活泼，关注对孩子的陪伴、安全、朋友、成长等几方面，教导小朋友独立、勇敢。"}
{"name": "中学生获奖作文（全彩版）", "info": "　　本书是从文海中筛选出获得各种奖项的作文汇编成书的。书中所选文章题材广泛，内容丰富，形式多样，富有时代气息。每篇文章各有特点，或立意深刻，或描写独特，或感情真挚，或文笔精彩。文章内容多样，反映了当代中学生丰富多彩的生活，折射出时代的进步与变化。提供最清晰的作文结构，作文从此更上层楼，作文方法，学习要点，要点解析，详细解读作文方法，作文从此锦上添花。书中囊括了实际教学中的各种体裁和题材，以及各种文体和写作形式，力求给同学们提供**、最全的作文范本。"}
{"name": "中外设计史", "info": "　　《中外设计史》主要内容包括中国设计的萌芽，中国的陶器设计，中国的青铜器设计，中国的瓷器设计，中国的家具设计，古希腊和古罗马的设计，工业革命前的设计（1700-1800），现代设计的萌芽（1801-1914），一战之后的设计（1918-1944），美国的工业和广告设计，第二次世界大战后的设计（1945-1960），等。"}
{"name": "礼器碑曹全碑", "info": "　　《礼器碑》自宋至今历代评著甚多，被列为汉十大名碑之首，也是汉碑中最为瘦硬刚正者。此碑既是汉碑中不绝致，也是最难学的，自明清以来，能得其神韵者，唯吴昌硕老师杨见山一人而已，另外，此碑书风与褚遂良晚年书相通。所以此碑也就成了学习和研究褚遂良体之范本。《曹全碑》全称《汉郃阳令曹全碑》。艺术特点上，《曹全碑》以圆笔为主，方圆兼备，用篆意中锋行笔，八分舒展无往不收。秀逸中出之以遒劲，柔美中含雄浑。起伏有度，提按有节。放中有收，圆润而精气内含。"}
{"name": "2岁宝宝大书", "info": "　　本套书遵循幼儿认知发展规律，以多元智能理论以及八大智能领域为依据，围绕语言、逻辑/数理、空间、运动、音乐、人际交往/社会性、自我认知和自然观察等目标，进行针对性的训练设计，有效提高孩子的智商、情商，促进幼儿智能开发。本册适合3岁宝宝使用。"}
{"name": "语文（1下）", "info": "　　本册供高等院校教师教育专业和其他专业一年级下学期学生教学使用。选篇单元包括哲理散文、现代经典短篇小说、科学说明文、现代诗歌、古代诗歌、名著导读等单元。课文选择精当，课后有“品读与探讨”、“知识卡片”等栏目。每单元前有导读，课文后设计有相应的综合实践活动内容。"}
{"name": "多马福音神学思想探微", "info": "　　《《多马福音》神学思想探微》论题宏阔，纵横捭阖，沉潜往复，用意甚深，所引生的诸多课题值得细致探究。例如，福音书与《多马福音》的比较对“对话”方法论有何新的启迪，二元或比较语言能否道完说尽福音书中多元复杂且互动变化的天国观、基督论和终末论。"}
{"name": "契诃夫短篇小说选集：云图英语分级读物1500词（推荐6-8年级阅读英汉对照）", "info": "　　通过这部《契诃夫短篇小说选集（推荐6-8年级阅读英汉对照）-云图英语分级读物1500词》中的《装在套子里的人》《一个文官的死》《胖子和瘦子》《变色龙》《万卡》《打赌》等作品，不仅能看到凡俗生活隐藏下的悲剧，也能看到含泪的微笑之后的亮光；不仅能看到极具质感的小情节和情节之下的生活真相，也能看到隐藏于真相之下的雄阔的历史轨迹和现实走向。"}
{"name": "十日谈（上下册 插图珍藏本）", "info": "　　乔万尼·卜伽丘（Giovanni Boccaccio，1313—1375），意大利文艺复兴运动代表，人文主义作家，与诗人但丁、彼特拉克并称为佛罗伦萨文学“三杰”。其代表作《十日谈》是欧洲文学史上部现实主义巨著，世界上部短篇小说集，意大利近代评论家桑克提斯曾把《十日谈》与但丁的《神曲》并列，称为“人曲”；它批判宗教守旧思想，主张“幸福在人间”，被视为文艺复兴的宣言。《十日谈》叙述1348年佛罗伦萨瘟疫流行时，十名青年男女在一所别墅避难，他们终日欢宴，每人每天讲一个故事，十天讲了一百个故事，故名《十日谈》，其中许多故事取材于历史事件和中世纪传说。卜伽丘在《十日谈》中歌颂现世生活，赞美爱情是才智和美好情操的源泉，谴责禁欲主义，对封建贵族的堕落和天主教会的荒淫无耻作了有力的讽刺。作品采用了框形结构，把一百个故事串联起来，使全书浑然一体，作品语言精练幽默，写人状物，微妙尽致。方平、王科一先生合译的《十日谈》是公认的经典译本，之前在上海译文出版社已出过多个版本，备受读者好评，现收入“译文版插图珍藏本世界文学名著”丛书出新版。插图珍藏本《十日谈》整体设计以大面积对抗色系为主，体现出其现实主义世俗文学作品的风格。封面由白色可印刷的PU皮与红绿两色的水洗荔纹革组成，在白色PU皮上呈现的经典插图，是通过HUV胶印固化特种油墨的工艺印制的，既完美地凸显了插图的细节，又不会遮盖皮面原本的质地与触感。书壳的异形拼皮工艺完全由手工完成，书脊处的人形图案采用了浮雕烫金的技术，用一副模板同时完成烫金与凹凸的工艺，在荔纹革做出了立体的人物造型。图书天头喷色，避免了阳光直射和隔离灰尘，防止图书纸张酸化。著名插画家肯特特为英文版《十日谈》创作的三十二幅多色木刻插图为全书的ZUI大亮点，多色套印的木刻版画极为稀少，编辑特收了这套插图经过现代技术摄入、校色、套印，在超级兰采艺术纸上完成了对工艺品的完美复刻，极具收藏价值。图书配有定制函套保护图书，日本野陶纸裱面，配以专色印刷加烫金，让函套的整体效果简朴而又富有质感，与图书相映成趣。上海译文出版社“插图珍藏本”《十日谈》文图辉映，珠联璧合，堪称古典文学杰作与现代审美和工艺的完美结合，极具赏鉴和收藏价值。"}
{"name": "野性的呼唤", "info": "　　在人类共同的精神世界，《野性的呼唤》用锋利的文字，展现了世间每一个生命原始的勇气与力量。写的是动物，说的是人，明明是文学，却读出了活生生的人世。本书收录了杰克·伦敦中短篇小说的代表作——《野性的呼唤》《白牙》《热爱生命》和《生火》，故事都主要发生在加拿大西北部的极寒之地，风格壮烈而阳刚，尽显生命原始的坚韧、勇气和力量。"}
{"name": "约翰-克利斯朵夫（上下）", "info": "暂缺《约翰-克利斯朵夫（上下）》简介"}
{"name": "昆虫记", "info": "　　《昆虫记》是让-亨利·法布尔发作品中地位*重要、*为世人所知的一部，不但展现了他科学观察研究方面的才能和文学才华，还向读者传达了他的人文精神以及对生命的无比热爱。《昆虫记》融合了科学与文学，既有科学的理性，又有文学的感性。书中不时语露机锋，提出对生命价值的深度思考，试图在科学中融入更深层的含义。作品的语言朴实清新，生动活泼，语调轻松诙谐，充满了盎然的情趣和诗意。作者对自然界动植物声、色、形、气息多方面恰到好处的描绘，令读者融入了１９ 世纪法国南部普罗旺斯迷人的田园风光中。"}
{"name": "夜莺与玫瑰（双语绘图版）", "info": "　　《夜莺与玫瑰》是英国唯美主义作家王尔德创作的童话作品，收录了《夜莺与玫瑰》《幸福王子》《巨人的花园》《忠实的朋友》《驰名的火箭》《少年王》《星孩儿》等七部广为流传脍炙人口的作品。本书是中英双语版，由民国著名才女林徽因翻译而成，其语言细腻优美、形象生动、忧伤而优雅。知名插画师精心绘制插图。王尔德的童话风格独树一帜，充满奇思妙想，令人着迷。《夜莺与玫瑰》的故事中以一只夜莺受到大学生的爱情感动，以血液和生命培育了一朵红玫瑰为主线。而事实上，象征着真爱的玫瑰却无法打败金钱，鞭挞了世间的拜金主义。王尔德在给儿子讲童话时曾落泪道：“真正美的东西都是让人忧伤的。”王尔德的作品中总是在对灰暗现实的描述中仍保留着对真善美的追求，“我们都在阴沟里，但仍有人仰望星空！”"}
{"name": "银河铁道之夜", "info": "　　《银河铁道之夜》收录了其《铁道银河之夜》《要求特别多的餐厅》《猫咪事务所》等10篇代表作品。在这些发生在铁道、星空、雪地和森林的小故事中，作者用丰富的想象力，让我们看到了银河系的美丽和壮观，也让我们读到一个男孩乘坐银河列车以后的种种见闻，充满神奇的色彩，让人身临其境，展现了日本童话中的童真和哲思，是一部优秀的成人童话作品。"}
{"name": "安娜·卡列尼娜（全2册）", "info": "　　《安娜·卡列尼娜》是俄国作家托尔斯泰长篇小说代表作。创作于1873—1877年，由两条既平行又相互联系的线索构成：一条是安娜与卡列宁、符伦斯基之间的家庭、婚姻和爱情纠葛；一条是列文和吉蒂的爱情生活及列文进行的庄园改革。安娜是一个上流社会的贵妇，年轻漂亮，追求个性自由，但因为陷入和年轻军官符伦斯基的婚外恋中，使自己置身和社会对立的痛苦境地。在失去儿子，又遭情人背叛后，她再也无法容忍这种虚伪的生活，选择了卧轨自杀。这部作品一发表便引起巨大的社会反响。不久，就被公认是一部了不起的巨著，书中的女主人公安娜·卡列尼娜则成为世界文学*优美丰满的女性形象之一。"}
{"name": "复活", "info": "　　《复活》是俄罗斯大文豪、思想家托尔斯泰晚年的代表作。这部托尔斯泰晚年呕心沥血十余载的长篇著作，也是他一生思想和艺术的结晶。这部作品情节的基础来自于托尔斯泰从一位法官那里听来的一个真实的故事。贵族青年聂赫留朵夫在姑母家度假时，诱奸了姑母家中养女、农家姑娘卡秋莎·玛丝洛娃，在她怀孕后又遗弃了她，导致她沦为妓女；而当她被卷入一场谋财害命的案子在法庭受审时，他却以陪审员身份出席法庭审判她。这样的经历刺激了聂赫留朵夫，导致他良心发现，决定以跟玛丝洛娃结婚的方式去拯救她，却遭到玛丝洛娃的拒绝。尽管如此，聂赫留朵夫坦诚而执着的态度消解了玛丝洛娃对他的怨恨，两人在充分交流以后增进了彼此的了解，相互原谅了对方。这看似巧合的事件，在当时的社会却具有典型意义。小说一方面表现作者晚年代表性主题──精神觉醒和离家出走；一方面则是借聂赫留朵夫的经历和见闻，展示了俄罗斯从城市到农村的社会阴暗面，对当时的俄国政府、法庭、监狱、教会、土地私有制和资本主义制度做了深刻地批判。"}
{"name": "鲁滨孙飘流记", "info": "　　在一次惊心动魄的海上航行中，鲁滨孙乘坐的大船意外沉没。他与狂风巨浪搏斗，*后来到一座荒无人烟的孤岛。为了生存，他克服了常人难以克服的种种困难，独自一人建造住所和船只，打猎、捕鱼，圈养动物，救出被人追赶的俘虏……*后终于获救，告别生活了二十多年的荒岛，随船返回了英国。《鲁滨孙飘流记》是“英国小说之父”丹尼尔·笛福的代表作，是英国现实主义小说的开山之作。"}
{"name": "菲茨杰拉德文集（布面珍藏版 全八卷）", "info": "　　译文社这套菲茨杰拉德文集在大结构上采用ZUI早出版菲氏作品的美国斯科里布纳出版社的权威版本，按照他们的编辑体例编排整套文集，又补充了国外比较权威的牛津版和企鹅版菲氏文集的内容，请来译者摘译研究菲氏的权威学者布鲁科利的《菲茨杰拉德才华横溢的一生》里的精彩文章作为附录，有助读者了解菲氏写作每部作品的时代背景和历史氛围。是一套图文并茂、完整而有价值的菲茨杰拉德文集。"}
{"name": "童年", "info": "　　《童年》是五次被提名诺贝尔文学奖的苏联作家高尔基自传体三部曲的开篇之作，真实地再现了高尔基艰苦的童年生活。小说的主人公阿廖沙幼年丧父，跟随母亲来到外婆家，开始了寄人篱下的生活。在这里，他认识了自私贪婪、脾气暴躁的外祖父，为了挣得更多的利益经常大打出手的舅舅们，但同时也认识了善良仁爱、陪伴阿廖沙度过无数个孤独夜晚的外婆，还有他可爱的小伙伴们……虽身处黑暗，但他内心充满对光明的向往，给无数人以鼓舞。"}
{"name": "高尔基：童年（统编版快乐读书吧·六年级上指定阅读书目）", "info": "暂缺《高尔基：童年（统编版快乐读书吧·六年级上指定阅读书目）》简介"}
{"name": "局外人", "info": "　　公司小职员默尔索因过失杀人被指控，*终却因为“在母亲的葬礼上没有流泪”，被法庭和陪审团认定是个“蓄意杀人的魔鬼”被判处死刑，而事实果真如此吗？在这部小说中，加缪以一个与社会格格不入的“局外人”的视角，以一种客观记录式的“零度风格”，用客观、冷静的语调，粗线条地描述了主人公莫尔索在荒谬的世界中经历的种种荒谬的事，以及自身的荒诞体验，假借一场法律之名的道德审判，深刻地揭示了这世界的荒谬性。而借由默尔索的遭遇，加缪巧妙地将他的思想刻画其中，默尔索似乎对一切都无动于衷，冷漠的理性的而又非理性的存在，他像一个象征性的符号，代表了一种普遍的存在，又像是一个血红色的灯塔，具有高度的警示性。同时也向我们展示了加缪的内心世界，“有两件事对我极为珍贵，也难以将它们分离：我对光明与生命的热爱，以及试图描述绝望经历的隐秘执念。”本书收录加缪的成名作《局外人》，以及经典短篇作品《偷情的女人》《叛逆者》《缄默的人》《来客》《约拿斯或工作中的艺术家》《生长的石头》，堪称*值得收藏的作品。"}
{"name": "生活是美好的", "info": "　　作者简介：安东·契诃夫（1860—1904），俄国*短篇小说巨匠和俄国19世纪末期*后一位批判现实主义艺术大师，与莫泊桑和欧·亨利并称为“世界三大短篇小说家”。契诃夫1879年入莫斯科大学学医，1884年毕业后从医并开始文学创作。他的小说短小精悍，简练朴素，结构紧凑，情节生动，笔调幽默，语言明快，极富于音乐节奏感，寓意深刻。他善于从日常生活中发现具有典型意义的人和事，通过幽默可笑的情节进行艺术概括，塑造出完整的典型形象，以小见大，以此来反映当时的俄国社会。其代表作《变色龙》《套中人》《第六病房》堪称俄国文学史上精湛而完美的艺术珍品。 译者简介童道明（1937—2019），江苏省杨合镇（今张家港市）人，生前为中国社会科学院外国文学研究所研究员，中国戏剧家协会理事，中国作家协会会员。著有《他山集》《戏剧笔记》《惜别樱桃园》《俄罗斯回声》和剧作集《塞纳河少女的面模》《爱恋·契诃夫》等，主编《世界经典戏剧全集》（20卷），并有数种译著。"}
{"name": "百万英镑", "info": "暂缺《百万英镑》简介"}
{"name": "捣蛋鬼日记", "info": "暂缺《捣蛋鬼日记》简介"}
{"name": "罗生门", "info": "　　《罗生门》是日本短篇大家芥川龙之介的小说集，荟萃《罗生门》《鼻子》《山药粥》《蜘蛛之丝》等名篇佳作十八篇。芥川龙之介的作品，凝结着他的博学与才情，显示出一种东方的特色，东方的智慧，早已超越国界，成为人类精神文明宝库中的财富。"}
{"name": "童年", "info": "　　《童年》是前苏联作家马克西姆·高尔基以自身经历为原型创作的自传体小说三部曲中的*部（其他两部分别为《在人间》、《我的大学》）。该书讲述的是阿廖沙三岁时父亲去世，母亲带他到外祖父家生活。在这里，家庭成员为争夺利益常发生争斗。几年后母亲患病去世，外祖父破产，他被迫流落人间，开始独立谋生。该书写出了高尔基对苦难的认识，涌动着一股生生不息的热望与坚强。"}
{"name": "汤姆叔叔的小屋", "info": "暂缺《汤姆叔叔的小屋》简介"}
{"name": "最后一课", "info": "　　《*后一课》中的作品均选自都德的《星期一故事集》和《磨坊信札》这两部小说集。《星期一故事集》作品大多以普法战争为背景，抒发战争期间法国人民的爱国主义情绪。其中《*后一课》和《柏林之围》是流传甚广的佳作。《磨坊信札》是都德以乡间旅居的一座老磨坊为写作基地，用信札的形式叙述了其故乡普罗旺斯或真实或虚构的遗闻轶事，其作品大多洋溢着童话式的纯净和牧歌式的天真，能给读者带来阅读的乐趣和享受。"}
{"name": "图说八十天环游地球", "info": "　　1872年10月2日，菲利亚·福格以巨额赌注同朋友们打了赌：在80天内环游地球一周。当晚，他就带着法国籍仆人“万事达”离开伦敦，开始了一次不寻常的旅行。然而在此之前，英国国家银行的一笔巨款失窃，警探菲克斯认为福格先生就是银行窃贼，沿途追踪抓捕。一路上菲利亚·福格周密规划、披荆斩棘：在印度，福格先生和“万事达”从火葬柴堆上救下了即将被烧死的爱乌达夫人；从香港到日本，福格先生和“万事达”失散又重逢；在美国，他们在火车上遭到了印第安人袭击；在大西洋上，他们不得不拆船来作为燃料……眼看胜利在望，菲克斯却以“女王的名义”逮捕了福格。各种意外层出不穷，最终他们历经艰辛回到了伦敦。福格赢得了赌注，同时也赢得了与爱乌达夫人的爱情。"}
{"name": "堂吉诃德历险记（精）", "info": "　　“大作家写给孩子们”系列丛书精选世界文学名家所编著的儿童文学作品，旨在为国内孩子提供接近经典，易于阅读、开拓视野的文学读物。《堂吉诃德历险记》为英国知名作家威廉·梅克比斯·萨克雷根据西班牙作家塞万提斯的举世名作《堂吉诃德》做了适当删节的节略本。原著《堂吉诃德》描写了读骑士小说入迷的、自号堂吉诃德的没落绅士出外行侠冒险的故事，主人公堂吉诃德与随从桑丘一同经历了搏战风车、解救公主、解放奴隶等奇特事件，一路尝试以骑士之道为世界带来公正与和平，却不断闹出笑话、屡遭失败，终于幡然醒悟。故事反映了西班牙当时人文主义思想与现实之间的矛盾，成就了幽默文学上一个不朽的经典人物。萨克雷的此版节略本，将《堂吉诃德》这一划时代的世界名著进行了缩写，以浅显易懂的文字向孩子们呈现原著的精华，内容相比原著更为轻松易读、通俗幽默。"}
{"name": "小狗栗丹（精）", "info": "　　《小狗栗丹》是俄国文学大师契诃夫的经典小说。小说主人公栗丹是一只长着狐狸脑袋的小狗，它本是木匠家的宠物，在一次偶然迷路后，开启了一场关于成长的奇妙冒险，体会着日常生活的变故。在新主人的训练下，它有望成为一颗闪亮的艺术新星，认识了猪、鹅、猫等新伙伴，却也第一次感受到危险的降临……"}
{"name": "八十天环游地球", "info": "　　《八十天环游地球》是“科幻小说之父”凡尔纳的一部重要作品，讲述了英国绅士福格和改良俱乐部的会友们打赌两万英镑，在八十天内环游地球一周的故事。一路上，他遭人跟踪，舍身救人，与恶僧对簿公堂，在海上和风浪搏斗，经受燃料告急的考验，在海关被囚……几乎所有的困难和意外都不幸被福格碰上了，但他总能凭着自己的机智勇敢、善良正直，一次次神奇地化险为夷，最后不仅赢了赌局，还找到了一生的伴侣。"}
{"name": "海明威精选集（全4册）", "info": "　　精选四部代表海明威很高文学成就的作品：《乞力马扎罗的雪》《老人与海》《太阳照常升起》《永别了，武器》，涵盖了海明威代表性的创作母题，战争、爱情、婚姻、人生的意义，充分展现了海明威宏大的文学世界。"}
{"name": "神秘岛", "info": "　　《神秘岛》是凡尔纳著名的三部曲（《格兰特船长的儿女》《海底两万里》和《神秘岛》）的最后一部。这个作家根据自己的经历和想象，以现实和浪漫相结合的手法讲述的故事，发生在美国南北战争时期。五个被困在南军中的北方人，利用机会乘气球逃脱了。然而，他们遇上了风暴，气球破裂了，他们意外地流落到了太平洋中的一个荒岛上。在一无所有的情况下，他们团结一致、齐心协力，利用岛上丰富的资源，制造出了砖块、陶器、铁器、玻璃、风磨、织机、电报机……并种上了庄稼和蔬菜，饲养了家畜和家禽，使自己过上了丰衣足食的生活，而且改变了荒岛的面貌。其间也不乏和猛兽、海盗搏斗的场面。故事中自始至终洋溢着的乐观主义精神和大无畏精神，深深地感染着我们。而每当他们身处困境时，总有一位神秘人物——被他们的精神感动的遁世者尼摩艇长——向他们伸出援手，使他们绝处逢生，化险为夷。这个人物的安插，会让我们再次体会到“自助者天助”这句格言的深刻含义。"}
{"name": "罪与罚", "info": "　　《罪与罚/基础教育阅读工程》描写穷大学生拉斯柯尔尼科夫受无政府主义思想毒害，认为自己是个超人，可以为所欲为。为生计所迫，他杀死放高利贷的老太婆阿廖娜和她的无辜妹妹丽扎韦塔，制造了一起震惊全俄的凶杀案。经历了一场内心痛苦的忏悔后，他最终在基督徒索尼娅姑娘的规劝下，投案自首，被判流放西伯利亚。《罪与罚/基础教育阅读工程》着重刻画主人公犯罪后的心理变化，揭示俄国下层人民的苦难生活。"}
{"name": "巴黎圣母院", "info": "　　《巴黎圣母院》和《悲惨世界》两部杰作，差不多是在同一个时期开始构思的。但是，《悲惨世界》从酝酿到出版，延宕三十余年。而《巴黎圣母院》的创作虽小有波折，时逢“七月革命”，小说的研究材料和笔记全部散失，但雨果只用了5个月时间，一气呵成，显示出了他的天才与勤奋。雨果以其浪漫主义诗人的才情和文学创新者的胸怀，偏爱宏伟和壮丽，而巴黎圣母院又恰恰是一座巍峨壮美的建筑，两者自然一拍即合。雨果打算写一部气势宏伟的历史小说，一开始酝酿，就决定以这座大教堂为中心，讲述一段奇异的故事。在雨果的笔下，巴黎圣母院绝不是一个完备的、定型并能归类的建筑：它不再是罗曼式的，但还不是哥特式教堂，因而成为集万形于一身的神奇之体，成为令人景仰的科学和艺术的丰碑。1831年，《巴黎圣母院》一经出版，它又成为文学的丰碑了。于是，这座大教堂和这部小说就联结在一起，两座丰碑并肩而立，再也分不开了。有了这部小说，巴黎圣母院在城心岛上亭亭玉立，仪态万方，不仅多了几分风采，还增添了一颗灵魂。"}
{"name": "契诃夫中短篇小说选", "info": "　　契诃夫的小说没有多余的东西，很少有抽象的议论。他善于用不多的文字表现深刻的主题。他的短篇小说大多是截取日常生活中的片段，善于从日常生活中发掘具有典型意义的人和事，在平淡无奇的故事中透视生活的真理，在平凡琐事的描绘中揭示出某些重大的社会问题，使其作品朴素得跟现实生活一样真实而自然。如《苦恼》中写马夫姚纳，在儿子夭折的一星期里，几次想跟别人诉说内心的痛苦，都遭到各怀心事的乘客的冷遇，万般无奈之下，只有向老马倾诉自己的不幸与悲哀。作者借助这一平淡无奇的故事，揭示出黑暗社会中的世态炎凉、人情冷暖和小人物孤苦无告的悲惨遭遇，具有震撼人心的艺术力量。"}
{"name": "巴黎圣母院", "info": "　　《巴黎圣母院》艺术地再现了四百多年前法王路易十一统治时期的历史真实，宫廷与教会如何狼狈为奸压迫人民群众，人民群众怎样同两股势力英勇斗争。小说中的反叛者吉卜赛女郎爱斯梅拉达和面容丑陋的残疾人加西莫多是作为真正的美的化身展现在读者面前的，而人们在副主教富洛娄和贵族军人弗比思身上看到的则是残酷、空虚的心灵和罪恶的情欲。作者将可歌可泣的故事和生动丰富的戏剧性场面有机地连缀起来，使这部小说具有很强的可读性。小说浪漫主义色彩浓烈，且运用了对比的写作手法，它是运用浪漫主义对照原则的艺术范本。小说的发表，使雨果的名声更加远扬。维克多？？雨果的《巴黎圣母院》充满同情地讲述了中世纪巴黎圣母院大教堂的钟楼怪人卡西莫多的悲惨故事。该书出版于1831年，随即取得了成功；又于1883年推出了该书的英文版《钟楼怪人》。这本书Z初是为成年人而创作，而今天各个年龄段的孩子都会在以小说为蓝本的书籍、电影和漫画中遇到这位著名的驼背怪人。 这种生动的改编能帮助孩子捕捉雨果原著中的故事背景、人物角色和情节发展。托尼？？史密斯的叙事插图也将宏大的场景呈现了出来。照片、绘画及数以百计的史实知识点带领读者探索了中世纪巴黎和这座城市的心脏地带——伟大的巴黎圣母院大教堂，让新一代读者可以领略雨果笔下那引人入胜的故事。"}
{"name": "海底两万里", "info": "　　《海底两万里》这部小说，描写的是法国博物学家阿罗纳克斯教授和尼摩艇长在海底深处旅行的故事。他们游历了世界许多海洋，饱览了海底变幻无穷的奇异景观和形形色色的生物，经历了种种危险。小说悬念迭出，高潮频起，趣味盎然，在引人入胜的故事中蕴含着鲜明的爱憎和广博的地理知识，使读者获得精神享受的同时，感受到自然的神奇和科学的力量。 《海底两万里》永远是科幻小说中的一个传奇。这场冒险始于阿尤纳斯教授偶然成为了神奇的潜艇“鹦鹉螺号”的囚徒。从此，他跟随“鹦鹉螺号”和尼莫船长展开了令人难以置信的海底世界之旅：壮观的海底鱼群、巨大的珍珠场、失落的亚特兰蒂斯、与巨型章鱼的浴血恶战……然而，一个疑问始终萦绕在阿尤纳斯教授的心头，神秘的尼莫船长到底是个大开杀戒的暴君，还是个富有同情心和正义感的可怜人呢？尼莫船长究竟有着怎样的过去？他的巨额财富是来自哪里？他又为什么要在这茫茫大洋上离群索居……"}
{"name": "圣诞颂歌", "info": "　　《圣诞颂歌》是每个家庭在圣诞节时不可缺少的节目。小说描写了三个精灵拜访了吝啬的史克鲁齐后，其内心发生了巨大变化的故事。这部小说自1843年出版发行以来，已经被改编成无数的儿童图书、剧本、电影和动画片。为了让孩子们领略原著的语言魅力，该版本在狄更斯为大众阅读所著普及版本的基础上，进行了删减。安德鲁·韦特考夫特的插图再现了当时的历史场景。照片、图画和数以百计的真实事件反映了狄更斯所在时代的伦敦社会贫富阶级分明，以及圣诞节的风俗与理想。狄更斯用美妙绝伦的辞藻语句、引人入胜的故事情节，告诉并鼓舞孩子们——我们能够并且应该更好地改变自己，更好地改变世界。 《圣诞颂歌》是每个英国家庭在圣诞节中不可缺少的部分。一个名叫史克鲁齐的吝啬商人，为了省钱连煤筐都舍不得放在职员房间，对穷苦人毫无怜悯之心。然而，他在圣诞前晚依次遇见了三位来自过去、现在和未来的精灵，精灵带着他看到了一幕幕发人深醒的场景：与深爱着他的贫穷未婚妻分手，而当年的未婚妻现在拥有一个温暖的大家庭；虽然贫穷却充满爱和快乐的职员一家；而Z终，他通过未来精灵看见了一个躺在床上死去的一无所有的人——那就是他自己。史克鲁齐Z终醒悟了，他的命运还能改变吗……"}
{"name": "鲁滨逊漂流记", "info": "　　小说以1704年苏格兰水手赛尔科克在海上叛变，被抛到智利海外荒岛，最后得救的故事为蓝本加工而成。主人公鲁滨逊是一个热衷冒险的青年，他生活优渥，却不安于现状，决心闯出一番新天地。在一次航行中，船遭遇风浪，其他船员都葬身鱼腹，唯独他幸存下来，被海浪冲到一座荒岛上，为了生存不得不经受种种磨难。后来，他搭救了一个野人，并为他取名“星期五”。时间一晃就是二三十年……"}
{"name": "80天环游地球", "info": "　　《80天环游地球》是一部长篇科幻小说。主人公费利斯·福克先生因为与别人的一次赌约，要在80天内克服重重困难环游地球一周。他带着仆人“万事通”开启了这一非同寻常的旅程。在旅程中，他们经历了各种困难和意外，但是在机智勇敢又坚定自信的福克先生的带领下，他们排除了千难万险，还救下落难的艾达夫人，最终在80天的约定期限之内回到改良俱乐部，成功完成了环球任务。"}
{"name": "猎人笔记", "info": "　　《猎人笔记》之翻译，远在民国十年，距今已十四年了。当时在《小说月报》发表，按月一篇，随译随印，两年多方登完。原想登完后，加以整理，计划印单行本。这部《猎人笔记》的中译刊本，系根据1918年彼得格勒“教育委员会文学出版部”所印的单行本，加以逐句校正。篇中添改非常多的大概是首篇《赫尔与卡林尼基》，其余诸篇也有相当增改，至于第二十三篇《活骸》是重新译的，倒并不是因为在《小说月报》发表的初译稿不像样，却因为从杂志上剪下来的稿子中（那是多年前承徐调孚先生的好意。特地剪下汇集了寄给我，催我整理的），忽然不见了第二十三篇，无论费了多少功夫，到处寻觅总是找不到，自己又远在国外，写信托朋友去觅，购刊载那篇小说的旧《小说月报》，不但费事，恐怕还不易。所以重新译了，好在篇幅还不多，而且将《猎人笔记》中非常美丽、非常抒情的一篇文字再译一遍，也没有什么不愉快的。"}
{"name": "雾都孤儿（收藏版 插图版全译本）", "info": "　　本书是一部现实主义小说。 主人公孤儿奥立弗.斯特从小在贫民习艺所受尽欺凌，由于不堪棺材店老板娘、教区执事邦布尔夫等人的虐待而独自逃跑，逃到伦敦后又陷入贼窟，被迫与盗贼为伍。身边的世界像一台疯狂运转的机器，小奥立弗却努力维持心底深处的纯净与高贵。他不愿成为小偷，不愿做违背道义的事情，于是他执著的坚守着自己的本心，这份执著终于帮他等来了柳暗花明：布朗劳先生、梅里太太等人及时向他伸出援助之手；与此同时，奥立弗奇特的身世，也一步步真相大白。最后，奥利弗继承了亲生父亲生前留下的财产，开始了新的生活，而恶人也都得到了应有的报应。小说深刻揭示社会弊病的同时，也在英国文学史上留下一连串栩栩如生的人物形象，一百多年来深受读者爱戴。书中含有众多精美的插图，可以帮助读者进行联想，提升阅读体验。"}
{"name": "傲慢与偏见（英文版）", "info": "　　小说围绕着班纳特太太如何把女儿嫁出去的主题展开故事。其中又以二女儿的婚事为主线。男主人公达西富有、高贵但却十分高高傲；二女儿伊丽莎白年轻、任性且聪明活泼，对达西心存偏见。爱情在两人之间忽隐忽现、步履维艰，但终于打破了这种傲慢与偏见。小说*终在两人幸福美满的婚姻中落下帷幕。 小说不仅在文字和语言风格上令读者沉迷与陶醉，更以其严谨的结构、饱满的人物形象，深刻的心理描写，以及引人入胜的爱情故事，吸引读者步步深入，逐渐进入小说的美妙世界。"}
{"name": "小王子（韩汉对照 第三版）", "info": "　　本书是一部充满诗意而又温馨的美丽童话，被翻译成100多种语言。讲述了“我”在浩瀚的撒哈拉大沙漠上遇到了一个古怪奇特而又天真纯洁的小王子——他来自一颗遥远的小星球，游历了分别住着国王、爱慕虚荣的人、酒鬼、商人、地理学家的6个星球。作者安东尼·德·圣埃克苏佩里通过小王子的游历暗讽了成人世界的荒唐和虚伪，情节别致而曲折，行文富于诗情和哲理，字里行间蕴含着作者对于爱、人生等重大命题的深刻体会与感悟，让人读后回味无穷。选题特色和出版价值：国内图书市场上关于中韩双语的书籍并不多见，特别是像《小王子》这类的名著更是凤毛麟角。该书的出版不管是对韩国语专业在校大学生，还是有意留学韩国学习韩语或其他专业的本科、专科或高中生，亦或单纯对韩国语感兴趣的人来说，都是一个非常不错的阅读材料。该书还具备一下三个亮点：1. 中韩对照排版，便于读者中韩对照一一对应阅读；2. 针对部分重点词和难点词进行注释，方便读者查阅和学习；3. 本书免费附赠音频资料，读者通过扫码即可以听到纯正的韩语发音，让读者可以边看、边听、边读。"}
{"name": "沉思录（英文版）", "info": "　　《沉思录》是罗马帝国的伟大统治者之一马库斯·奥勒斯（Marcus Aurelius）写的一系列自我反省的文章，旨在实现自己的自我完善。内容大部分是他在鞍马劳顿中写成的，它来自作者对身羁宫廷的自己和自己所处混乱世界的感受，追求一种冷静而达观的生活。这本书是斯多葛学派的一个里程碑。斯多葛学派是古罗马文化产生的一个重要哲学派别，在西方文化思想史上产生了绵长深远的影响，正是通过沉思录等少数传世之作，古代斯多葛学派的哲学精神得以流传至今。"}
{"name": "莫泊桑短篇小说精选", "info": "　　《莫泊桑短篇小说精选》是世界短篇小说之王莫泊桑各个时期代表性作品的精选集，收录了《羊脂球》《项链》《我的叔叔于勒》等经典名篇。　在莫泊桑的笔下，既有心地善良却被虚伪的正派人利用并唾弃的城市底层人物，有为了一串假项链付出一生辛劳的虚荣少女玛蒂尔德，也有被金钱所扭曲从而抛弃亲情的一家子……这些作品代表了莫泊桑在短篇小说创作上的杰出成就，在当今这个时代下仍具有醒世意义。"}
{"name": "双城记", "info": "　　《双城记》是批判主义文学大师狄更斯的代表作。　在狄更斯的笔下，小说将把冤狱、爱情与复仇三个互相独立而又互相关联的故事交织在一起，在法国大革命的背景下，一幕幕家族的恩怨情仇隆重上演，善、恶、生、死都在剧烈的冲突中交融。无论是正直善良的医生，抑或是刻薄自傲的贵族……这些角色寄予了狄更斯对于底层小人物的同情，以及对权贵的鄙视，表现出人类永恒的两个主题：仇恨和爱情。"}
{"name": "局外人", "info": "　　“我”是默尔索，一个普通公司的普通小职员。 今天妈妈死了。也许是昨天，我不清楚。 我向老板请假，可他很不爽快；我爱妈妈，可在葬礼上我没有哭。 我有女朋友，我们日夜狂欢；她问我爱不爱她，我说了不爱。 一天，一位朋友邀请我去海滩，在那儿，我杀了人。 法官说我连开了五枪，要判我死刑。 人们都要我去死，于是我选择了不上诉。 这就是“我”的故事，尽管听上去或许有点儿荒谬。 可对于整个世界来说，或许我们一直都是局外人"}
{"name": "骑鹅旅行记（未删减全译本）", "info": "　　《骑鹅旅行记》是诺贝尔文学奖得主、瑞典作家塞尔玛·拉格洛夫长篇小说代表作。写的是一个名叫尼尔斯的14岁男孩，家住在瑞典南部，父母都是善良、勤劳却又十分贫困的农民。尼尔斯不爱读书学习，调皮捣蛋，好捉弄小动物。一个初春，他在家里因为捉弄一个小精灵而被变成一个拇指般大的小人儿。小尼尔斯骑在鹅背上，跟随着大雁走南闯北，周游瑞典各地，看到了自己祖国的奇峰异川、旖旎风光，学习了祖国的地理历史，听了许多故事传说，也饱尝了不少风险和苦难。在漫游中，他从旅伴和其他动物身上学到了不少优点，逐渐改正了自己淘气调皮的缺点，培养了助人为乐的优秀品德。当他重返家乡时，不仅重新变成了一个高大漂亮的男孩子，而且成了一个温柔、善良、乐于助人且又勤劳的好孩子。"}
{"name": "契诃夫短篇小说选", "info": "　　《中学语文“名著导读”阅读丛书》从中学语文整本书阅读教学理念出发，采用创新形式，邀请有多年从教经验的教师对书中的精彩语段、关键知识点、阅读理解点等进行了细致专业的批注，为学生扫清阅读障碍，帮助学生领略文学之美；同时，导读、思维导图、专题探究、微课堂等内容，同步实现名著阅读课程化效果，为学生的阅读与应试打好基础，全面提升语文综合能力。"}
{"name": "童年", "info": "　　《童年》讲述了阿廖沙（高尔基的乳名）从3岁到10岁这一时期的童年生活。这是高尔基自传体三部曲之一（其他两部分别为《在人间》《我的大学》），被誉为苏俄批判现实主义文学的代表作。作品讲述了阿廖沙三岁丧父，与母亲寄居在外祖父家。在那个充满仇恨、小市民气息浓厚而令人窒息的家庭里，外祖母成了阿廖沙唯一的依靠，她给阿廖沙讲传说和历史故事，给了他应对困苦生活的勇气。"}
{"name": "复活（精装大开本）", "info": "　　法庭之上，比被审判者还要坐立不安的竟是作为陪审团一员的涅赫留多夫，原来被控与谋杀案有关的玛斯洛娃竟是曾经被他欺骗、伤害、辜负和抛弃的恋人。此时此境，良心发现的涅赫留多夫想要救玛斯洛娃于水火，却不断受阻，未能成功。为了赎罪，他决定放弃身份、地位、财富，和玛斯洛娃一起流放西伯利亚……故事的结尾，玛斯洛娃原谅了他曾经的伤害，接受他现在的援助，却没有再接纳他结婚的请求，而是同一个政治犯西蒙斯结为伉俪。"}
{"name": "战争与和平（全三册）", "info": "　　《战争与和平》以1812年卫国战争为背景，反映从1805到1820年间的重大历史事件。以鲍尔康斯、别祖霍夫、罗斯托夫和库拉金四大家族的为主线，在战争与和平的交替描写中把众多的事件和人物串联起来，其中共描述有各阶层人物559位，其心理、思想和生活状况各异，个个独具魅力，人物命运的轨迹不断交织、纠缠，犹如奏一曲格调庄重、技巧绚烂的时代交响乐。"}
{"name": "一个陌生女人的来信（精装典藏版）", "info": "　　“爱是一个人的事，而爱情是两个人的事。所以，我爱你，与你无关。”十三岁，她初遇男人的刹那，便一见倾心、不能自拔。在岁月的洪流中，那极致的爱有增无减。她三次委身于他，一生等待他的召唤。她去捡他抽过的雪茄烟头，抚摸他触过的门把手，甚至为了他们的孩子流落风尘。这一切，他一无所知，甚至记不起那张熟悉而又陌生的女人的脸。在临终之前，她饱蘸一生痴情，写下了一封绝望的匿名信，记录了这段不凡的爱情。依稀可见，她躺在命运凄凉的甲板上，晶莹的浪花将她推向了虚无，她轻轻诉说：我要让你知道，我的一生始终都是属于你的，而你对我的一生却始终一无所知……亲爱的，以后谁还会在你生日的那天为你献上一束白玫瑰呢？本书是奥地利著名作家茨威格的小说精选集，其中收录了《一个陌生女人的来信》《灼人的秘密》等8篇中篇小说名作。其文笔清丽细腻，于无声之中见炽热之情，于行文之中显悲切之意。《一个陌生女人的来信》更被高尔基评价为“一篇惊人的杰作”。"}
{"name": "约翰·克利斯朵夫", "info": "　　约翰·克利斯朵夫出生于德国一个贫穷的音乐世家，幼年就表现出过人的音乐天赋，他天生有着祖辈相传的强健的生命力，也继承了家族直言不讳的性格。少年时期的克利斯朵夫经历着感官与感情的觉醒，家道中落使他过早地承担起了生活的重任。在受到伯爵夫人的侮辱后，一股怒潮汹涌的力从此滋生，他开始知道受难、奋斗、反抗是他的命运。青年时期的克利斯朵夫性格桀骜不驯，生活颠沛无定。他经历暧昧、失恋、离别、背叛、失业等人生的起落，逐渐由少年的觉醒走向青年的成熟。对命运，由激烈的反抗转向深情的呼唤。晚年的克利斯朵夫放弃了愤世嫉俗，潜心于音乐的创作，声名远播。他的一生都在苦难中汲取生命的力量，创作和生活达到了 “超然的境界”。《约翰·克利斯朵夫》是一部气势磅礴的史诗，主人公毕生在追求生命的自由，用真实的自己与命运抗争。他是真正的英雄，是一代又一代年轻人坚强而忠实的朋友，使他们保有生与爱的欢乐，能不顾一切地去生活、去爱！"}
{"name": "猎人笔记（丰子恺译本）", "info": "　　《猎人笔记》是屠格涅夫的成名作，使其享誉文坛，对俄罗斯文学产生了重大影响。这是一部记述19世纪40、50年代俄罗斯农村生活的随笔集，以一个猎人的行猎为线索，串起25篇凝练生动的故事，刻画了地主、医生、贵族知识分子、农奴等众多人物形象，揭露了地主阶级的残暴和农奴生活的悲惨。《猎人笔记》中的风景描写尤其为人称道。俄罗斯秀丽的自然风光和淳朴的民风在屠格涅夫笔下颇具意趣，韵味无穷。丰子恺先生的全译本，译自俄文，深沉优雅，美文如画，为语文课本选定译本。"}
{"name": "王子与贫儿（精装珍藏版）", "info": "　　我是谁，谁来决定我是谁？是衣服、财富还是排场？命运在此开了一个大大的玩笑，它让贫家男孩儿汤姆和尊贵煊赫的王子生就同一副模样，又让两人意外地邂逅，阴差阳错地互换了身份与地位。贫儿汤姆穿着王子的华服尽享荣华富贵，受众人朝拜。而被当成贫儿的王子沦落至社会底层，饱尝苦楚，看尽人世百态。面对身份的互换、生活的巨变，两位主人公将何去何从？他们又该如何找到遗失的身份，找回真正的自我呢？故事的想象极其丰富，语言幽默风趣，在带给儿童快乐的同时，还能极大地激发儿童对纯洁、善良、美好事物的向往。"}
{"name": "红与黑", "info": "　　主人公于连，英俊非凡又聪慧过人，他出身低微却野心勃勃，从小就希望借助个人的努力与奋斗跻身上流社会。正当他以为踏上了飞黄腾达的道路和得到了超越阶级的爱情时，社会却无情地把他送上了断头台。《红与黑》是十九世纪法国乃至欧洲文学的一座丰碑。个人与社会间的对抗是其中心主题。该书时隔这么多年，仍然在悠远漫长的艺术长廊中熠熠生辉，经年不衰，成为世人爱不释手的一本文学读物。"}
