{"name": "[综合电影]", "info": "◎译 名 谁可以这样爱我/缝补灵魂的天使 ◎片 名 Redeeming Love ◎年 代 2022 ◎产 地 美国 ◎类 别 剧情 / 爱情 / 历史 ◎语 言 英语 ◎字 幕 中英双字 ◎上映日期 2022-01-21(美国) ◎IMDb评分 6.7/10 from 3556 users ◎豆瓣评分 6.5/10 from 393 users ◎片 长 13", "poster": "https://img9.doubanio.com/view/photo/l_ratio_poster/public/p2856665678.jpg"}
{"name": "[综合电影]", "info": "◎译 名 美国围攻 ◎片 名 American Siege ◎年 代 2022 ◎产 地 美国 ◎类 别 动作/惊悚 ◎语 言 英语 ◎字 幕 中英双字 ◎上映日期 2022-01-07(美国) ◎IMDb评分 4.3/10 from 406 users ◎片 长 90分钟 ◎导 演 Edward Drake ◎编 剧 Charlie Drake 科里拉奇 Corey L", "poster": "https://img9.doubanio.com/view/photo/l_ratio_poster/public/p2787249894.jpg"}
{"name": "[综合电影]", "info": "◎译 名 双子座计划 ◎片 名 Звёздный разум/Proekt 'Gemini'/Project 'Gemini' ◎年 代 2022 ◎产 地 俄罗斯 ◎类 别 科幻/惊悚 ◎语 言 英语 ◎字 幕 中英双字 ◎上映日期 2022-01-06(俄罗斯) ◎豆瓣评分 4.6/10 from 241 users ◎片 长 100分钟 ◎导", "poster": "https://img9.doubanio.com/view/photo/l_ratio_poster/public/p2755107841.jpg"}
{"name": "[最新电影]", "info": "◎译 名 登山家 ◎片 名 The Alpinist ◎年 代 2021 ◎产 地 美国 ◎类 别 纪录片 ◎语 言 英语 ◎字 幕 中英双字 ◎上映日期 2021-09-10(美国) ◎IMDb评分 8.0/10 from 6218 users ◎豆瓣评分 9.3/10 from 2194 users ◎片 长 92分钟 ◎导 演 彼得莫蒂默 Peter Mortim", "poster": "https://img9.doubanio.com/view/photo/l_ratio_poster/public/p2674084638.jpg"}
{"name": "[综合电影]", "info": "◎译 名 一日赴死 ◎片 名 A Day to Die ◎年 代 2022 ◎产 地 美国 ◎类 别 动作 ◎语 言 英语 ◎字 幕 中英双字 ◎上映日期 2022-03-04(美国) ◎IMDb评分 4.9/10 from 1325 users ◎片 长 105分钟 ◎导 演 威斯米勒 Wes Miller ◎编 剧 拉布贝里 Rab Berry ◎主 演", "poster": "https://img9.doubanio.com/view/photo/l_ratio_poster/public/p2869278067.jpg"}
{"name": "[综合电影]", "info": "◎译 名 做个正常人 ◎片 名 I Am Mortal/The Code ◎年 代 2021 ◎产 地 美国 ◎类 别 科幻 ◎语 言 英语 ◎字 幕 中英双字 ◎上映日期 2021-11-18(美国) / 2022-03-01(美国) ◎IMDb评分 4.3/10 from 176 users ◎片 长 83分钟 ◎主 演 肖恩古恩 Sean Gunn 尼娜凯莉 N", "poster": "https://img9.doubanio.com/view/photo/l_ratio_poster/public/p2844004582.jpg"}
{"name": "[最新电影]", "info": "◎译 名 幸存的天堂 / 幸存的天堂：家族力量 / 奥卡万戈三角洲：沙漠中的天堂 / 欧卡万哥三角洲：永续人间天堂(港 / 台) ◎片 名 Surviving Paradise: A Family Tale ◎年 代 2022 ◎产 地 英国 ◎类 别 纪录片 ◎语 言 英语 ◎字 幕 中英双字 ◎上映日期 2022-03-03(", "poster": "https://img2.doubanio.com/view/photo/l_ratio_poster/public/p2869013041.jpg"}
{"name": "[综合电影]", "info": "◎译 名 血光假期/变调假期(港/台)/周末已逝 ◎片 名 The Weekend Away ◎年 代 2022 ◎产 地 美国 ◎类 别 惊悚/悬疑 ◎语 言 英语 ◎字 幕 中英双字 ◎上映日期 2022-03-03(美国网络) ◎IMDb评分 5.6/10 from 9725 users ◎豆瓣评分 5.6/10 from 1391 users ◎片 长", "poster": "https://img9.doubanio.com/view/photo/l_ratio_poster/public/p2868575141.jpg"}
{"name": "[最新电影]", "info": "◎译 名 青春变形记/变红/熊抱青春记(港)/青春养成记(台) ◎片 名 Turning Red ◎年 代 2022 ◎产 地 美国 ◎类 别 喜剧 / 动画 / 奇幻 / 冒险 ◎语 言 英语 ◎字 幕 中英双字 ◎上映日期 2022-03-11(美国网络) ◎IMDb评分 7.2/10 from 7435 users ◎豆瓣评分 8.3/10 f", "poster": "https://img9.doubanio.com/view/photo/l_ratio_poster/public/p2670448229.jpg"}
{"name": "[综合电影]", "info": "◎译 名 门后的男孩 ◎片 名 The Boy Behind the Door ◎年 代 2020 ◎产 地 美国 ◎类 别 悬疑 / 惊悚 / 恐怖 ◎语 言 英语 ◎字 幕 中英双字 ◎上映日期 2020-09-27(奇幻影展) / 2021-07-29(美国) ◎豆瓣评分 5.1/10 from 110 users ◎片 长 89分钟 ◎导 演 大卫夏彭", "poster": "https://img9.doubanio.com/view/photo/l_ratio_poster/public/p2621736821.jpg"}
{"name": "[最新电影]", "info": "◎译 名 亚当计划/超时空亚当计划(港)/超时空亚当计画(台) ◎片 名 The Adam Project/Our Name Is Adam ◎年 代 2022 ◎产 地 美国 ◎类 别 喜剧 / 动作 / 科幻 ◎语 言 英语 ◎字 幕 中英双字 ◎上映日期 2022-03-11(美国网络) ◎IMDb评分 6.9/10 from 26689 users ◎", "poster": "https://img9.doubanio.com/view/photo/l_ratio_poster/public/p2869545761.jpg"}
{"name": "[综合电影]", "info": "◎译 名 大师/导师 ◎片 名 Master ◎年 代 2022 ◎产 地 美国 ◎类 别 剧情/惊悚 ◎语 言 英语 ◎字 幕 中英双字 ◎上映日期 2022-01-21(圣丹斯电影节) / 2022-03-18(美国/美国网络) ◎IMDb评分 4.4/10 from 355 users ◎片 长 91分钟 ◎导 演 Mariama Diallo ◎编 剧", "poster": "https://img9.doubanio.com/view/photo/l_ratio_poster/public/p2869118905.jpg"}
{"name": "[最新电影]", "info": "◎译 名 黑蟹行动/黑蟹行动：无尽寒冬(台) ◎片 名 Black Crab ◎年 代 2022 ◎产 地 瑞典 ◎类 别 动作/惊悚 ◎语 言 瑞典语 ◎字 幕 中英双字 ◎上映日期 2022-02-03(哥德堡电影节) / 2022-03-18(瑞典) ◎IMDb评分 5.5/10 from 1535 users ◎豆瓣评分 5.9/10 from 34", "poster": "https://img9.doubanio.com/view/photo/l_ratio_poster/public/p2868724885.jpg"}
{"name": "[最新电影]", "info": "◎译 名 义犬救主/搜救犬露比 ◎片 名 Rescued by Ruby/Ruby the Hero Dog ◎年 代 2022 ◎产 地 美国 ◎类 别 剧情/儿童 ◎语 言 英语 ◎字 幕 中英双字 ◎上映日期 2022-03-17(美国) ◎IMDb评分 7.2/10 from 1257 users ◎豆瓣评分 7.1/10 from 149 users ◎片 长 93", "poster": "https://img9.doubanio.com/view/photo/l_ratio_poster/public/p2869957662.jpg"}
{"name": "[最新电影]", "info": "◎译 名 深水/水深火热 ◎片 名 Deep Water ◎年 代 2022 ◎产 地 美国,澳大利亚 ◎类 别 剧情/惊悚/悬疑 ◎语 言 英语 ◎字 幕 中英双字 ◎上映日期 2022-03-18(美国网络) ◎IMDb评分 5.5/10 from 3617 users ◎豆瓣评分 5.2/10 from 693 users ◎片 长 115分钟 ◎导", "poster": "https://img9.doubanio.com/view/photo/l_ratio_poster/public/p2869361485.jpg"}
{"name": "[最新电影]", "info": "◎译 名 黑金营救/特工本色/黑光行动(台) ◎片 名 Blacklight ◎年 代 2022 ◎产 地 中国大陆,澳大利亚,美国 ◎类 别 动作/惊悚 ◎语 言 英语 ◎字 幕 中英双字 ◎上映日期 2022-02-10(澳大利亚) / 2022-02-11(美国) ◎IMDb评分 4.8/10 from 3861 users ◎豆瓣评分 4.5", "poster": "https://img9.doubanio.com/view/photo/l_ratio_poster/public/p2826259110.jpg"}
{"name": "[最新电影]", "info": "◎译 名 西区故事/西城故事(港/台) ◎片 名 West Side Story ◎年 代 2021 ◎产 地 美国 ◎类 别 剧情 / 爱情 / 歌舞 / 犯罪 ◎语 言 英语,西班牙语 ◎字 幕 中英双字 ◎上映日期 2021-12-10(美国) / 2022-03-02(美国网络) ◎IMDb评分 7.6/10 from 42359 users ◎豆瓣", "poster": "https://img9.doubanio.com/view/photo/l_ratio_poster/public/p2762894040.jpg"}
{"name": "[综合电影]", "info": "◎译 名 新鲜/绝命邀约 ◎片 名 Fresh ◎年 代 2022 ◎产 地 美国 ◎类 别 喜剧/惊悚/恐怖 ◎语 言 英语 ◎字 幕 中英双字 ◎上映日期 2022-01-20(圣丹斯电影节) / 2022-03-04(美国网络) ◎IMDb评分 6.8/10 from 6502 users ◎豆瓣评分 6.3/10 from 3384 users ◎片 长", "poster": "https://img9.doubanio.com/view/photo/l_ratio_poster/public/p2868322956.jpg"}
{"name": "[最新电影]", "info": "◎译 名 蜘蛛侠：英雄无归/新蜘蛛侠3/蜘蛛人：无家日(台)/蜘蛛侠：不战无归(港)/蜘蛛侠：无回之战/蜘蛛侠3：无家可归/蜘蛛侠3：英雄末路 ◎片 名 Spider-Man: No Way Home/Spider-Man 3/Spider-Man: Home Slice/Spider-Man: Home-Wrecker/Spider-Man: Phone Home ◎年", "poster": "https://img9.doubanio.com/view/photo/l_ratio_poster/public/p2730024046.jpg"}
{"name": "[最新电影]", "info": "◎译 名 小妈妈/童心奇緣(港) ◎片 名 Petite maman / Lille mamma ◎年 代 2021 ◎产 地 法国 ◎类 别 剧情 / 奇幻 ◎语 言 法语 ◎字 幕 中英双字 ◎上映日期 2021-03-03(柏林国际电影节) / 2021-06-02(法国) ◎IMDb评分 7.4/10 from 5932 users ◎豆瓣评分 7.9/10 f", "poster": "https://img9.doubanio.com/view/photo/l_ratio_poster/public/p2677331311.jpg"}
{"name": "[最新电影]", "info": "◎译 名 杨之后/向杨说再见 ◎片 名 After Yang ◎年 代 2021 ◎产 地 美国 ◎类 别 剧情 / 科幻 ◎语 言 英语 ◎字 幕 中英双字 ◎上映日期 2021-07-08(戛纳电影节) / 2022-03-04(美国) ◎IMDb评分 6.7/10 from 2396 users ◎豆瓣评分 7.2/10 from 1559 users ◎片 长", "poster": "https://img9.doubanio.com/view/photo/l_ratio_poster/public/p2867419800.jpg"}
{"name": "[综合电影]", "info": "◎译 名 黄金屋/意外之财（港） ◎片 名 Windfall ◎年 代 2022 ◎产 地 美国 ◎类 别 剧情/惊悚/犯罪 ◎语 言 英语 ◎字 幕 中英双字 ◎上映日期 2022-03-18(美国网络) ◎IMDb评分 5.7/10 from 2761 users ◎豆瓣评分 5.7/10 from 330 users ◎片 长 92分钟 ◎导 演", "poster": "https://img9.doubanio.com/view/photo/l_ratio_poster/public/p2868330161.jpg"}
{"name": "[综合电影]", "info": "◎片 名 6:45 ◎年 代 2019 ◎产 地 美国 ◎类 别 惊悚 ◎语 言 英语 ◎字 幕 中英双字 ◎上映日期 2021-08-06(美国) ◎IMDb评分 4.1/10 from 390 users ◎片 长 95分钟 ◎导 演 克雷格辛尔 Craig Singer ◎主 演 詹姆斯拉索 James Russo 托马斯沃特斯 Thomas G. Waite", "poster": "https://img9.doubanio.com/view/photo/l_ratio_poster/public/p2534964879.jpg"}
{"name": "[综合电影]", "info": "◎译 名 我是卡尔/新欧洲计划 ◎片 名 Je suis Karl ◎年 代 2021 ◎产 地 德国 ◎类 别 剧情 ◎语 言 德语 ◎字 幕 中文 ◎上映日期 2021-06-19(柏林电影节) / 2021-09-16(德国) ◎IMDb评分 5.4/10 from 591 users ◎豆瓣评分 5.6/10 from 159 users ◎片 长 126分钟", "poster": "https://img9.doubanio.com/view/photo/l_ratio_poster/public/p2633676786.jpg"}
{"name": "[综合电影]", "info": "◎译 名 儿女一箩筐 ◎片 名 Cheaper by the Dozen ◎年 代 2022 ◎产 地 美国 ◎类 别 喜剧/爱情/家庭/冒险 ◎语 言 英语 ◎字 幕 中英双字 ◎上映日期 2022-03-18(美国) ◎IMDb评分 4.3/10 from 1538 users ◎片 长 107分钟 ◎导 演 盖尔勒纳 Gail Lerner ◎编 剧 肯", "poster": "https://img9.doubanio.com/view/photo/l_ratio_poster/public/p2868927861.jpg"}
