{"img_url": "http://www.ichong123.com/files/2019/4/9/112/0a.jpg", "name": "助教汪听课太累趴桌呼呼大睡 马麻笑：当狗真好", "info": "上课好累喔～本汪先睡了。史上最可爱的小助教在此!住在台北市的6岁米克斯「天天」，平常跟着妈妈到「宠物养生按摩课」上......"}
{"img_url": "http://www.ichong123.com/files/2019/4/9/69/0a.jpg", "name": "男子骑单车环球壮游 却被小家伙强行打乱计划", "info": "苏格兰男子迪恩因为厌倦了朝九晚五的上班族生活，在2018年时决定进行一个人骑单车环球的壮游。刚开始一切都很顺利，他......"}
{"img_url": "http://www.ichong123.com/files/2019/4/9/1/0a.jpg", "name": "每天都在床边等马麻起床 发现马麻睁眼就开心摇尾巴", "info": "许多狗狗在经过一晚的忍耐之后，隔天一早都会忍不住跳上床给主人「洗脸」或是吠叫，提醒主人们「我要上厕所」，但是住在新......"}
{"img_url": "http://www.ichong123.com/files/2019/4/9/124/0a.jpg", "name": "女童惊恐的说我怕狗 妈妈的教育被网友赞翻", "info": "这样的家长我给100分!饲主江微微日前带着2隻爱犬在路上散步，在回家路上时，突然有位10几岁的小女孩从一旁冲出，结......"}
{"img_url": "http://www.ichong123.com/files/2019/4/9/77/0a.jpg", "name": "黑猫哥戴防舔圈后认不出 橘猫单手爆扣出拳中猫脸", "info": "「有怪物!看我的喵拳～」台北市橘猫「Q比」这天看见黑猫哥哥「欧咪」戴上防舔圈后，瞬间认不出对方，甚至还将该头套当成......"}
{"img_url": "http://www.ichong123.com/files/2019/4/9/244/0a.jpg", "name": "喵保姆肉球当眼罩 哄娃入睡专业到不行", "info": "喵：好孩子赶快继续睡～毛小孩+小孩根本最萌组合!住在美国的布偶猫「蜜蜜」最喜欢小主人「肥嘟嘟」，24小时随身保护，......"}
{"img_url": "http://www.ichong123.com/files/2019/4/9/249/0a.jpg", "name": "这人差点生吞了一只小猫咪 嘴开做鬼脸猫咪竟探头", "info": "国外一隻叫做辛巴(Simba)的小橘猫很爱黏着把拔乔瑟夫(Joseph);某个深夜小辛巴躺在乔瑟夫的脖子上撒娇着，......"}
{"img_url": "http://www.ichong123.com/files/2019/4/9/136/0a.jpg", "name": "弃猫送收容所却被抱住不放手 好心夫妇决定收编", "info": "贾斯柏是一隻被弃养的猫咪，因为原本是家猫，牠在街头过得并不好，经常被其他的猫咪打伤。某天牠躺在一处草地休息养伤时，......"}
{"img_url": "http://www.ichong123.com/files/2019/4/9/93/0a.jpg", "name": "送货员超爱跟狗狗互动 IG上满满都是跟狗狗合照", "info": "大家都知道UPS送货员是出了名的爱跟客户的狗狗互动，而其中一位来自路易斯安那州名叫杰森的送货员也是个爱狗人，每天送......"}
{"img_url": "http://www.ichong123.com/files/2019/4/3/104/0a.jpg", "name": "狗不能落地把拔将23公斤毛孩抱起 汪露欠揍爽脸", "info": "汪：奴才你吃饭都吃假的吗?「爸爸，加油好吗?」住在桃园的网友游思嘉这天和老公带着米克斯女儿「米踢」到朋友家拜访，但......"}
{"img_url": "http://www.ichong123.com/files/2019/4/3/230/0a.jpg", "name": "萌猫被内衣捕兽夹捉住 无奈在原地瞎奔走", "info": "七喜：咦?是什么无形力量控制了我?看来这件内衣的弹性相当好呢!住在香港的10岁橘猫「七喜」，这天不知道怎么玩的，竟......"}
{"img_url": "http://www.ichong123.com/files/2019/4/3/79/0a.jpg", "name": "虎斑猫偷穿亮眼粉红色洋装 马麻傻眼：这是要去哪", "info": "台中市这隻无厘头的虎斑猫「Demi」，趁着半夜四下无人时，偷偷穿起牠衣柜裡最亮眼的粉红色洋装，蹑手蹑脚地走出房间，......"}
{"img_url": "http://www.ichong123.com/files/2019/4/3/109/0a.jpg", "name": "4岁妹妹画黑柴 本尊问号：哪里像了啊", "info": "4岁表妹画「最想养的宠物」，被以为是驴子。「表妹的作业，笑歪我，我以为她画驴子......。」黑柴提摩(teemo......"}
{"img_url": "http://www.ichong123.com/files/2019/4/3/8/0a.jpg", "name": "PO出自己与家中毛孩的合照 母女脸相似度高达99%", "info": "这对母女根本同个模子刻出来的啊!孩子果然不能偷生!住在宜兰的网友吴草莓在脸书社团「有点毛毛的」中，PO出自己与家中......"}
{"img_url": "http://www.ichong123.com/files/2019/4/3/184/0a.jpg", "name": "拉拉超会会馈头 挑战新任务吓得赶紧转身逃窜", "info": "大陆有隻拉拉很会馈头。「我说主子你别跟我开玩笑了!」抖音APP用户seven3889有段影片最近在网路上流传，内容......"}
{"img_url": "http://www.ichong123.com/files/2019/4/3/21/0a.jpg", "name": "贵宾美人鱼造型超吸精 可爱模样像是一名婴儿", "info": "汪：那个......可以不要在往下拍了吗?「喔不!居然被你发现了我的秘密!」新北市新庄区的饲主曾御诚前阵子将爱犬把......"}
{"img_url": "http://www.ichong123.com/files/2019/4/3/86/0a.jpg", "name": "猫咪轻功纸箱上飘 猫奴：想吓死娘亲我吗", "info": "Jacob轻轻鬆鬆驾驭～完美平衡!喵星人「Jacob」发现奴才在家裡堆满纸箱，迫不及待找到最舒服的位置趴下来休息。......"}
{"img_url": "http://www.ichong123.com/files/2019/4/3/14/0a.jpg", "name": "超过3秒不能吃啦 猫奴捡回饲料却招来猫拳伺候", "info": "「本宫是很注重用餐品质的!」饲主谢小姐陪着宠物「山山」吃饭，发现牠不小心把1颗饲料撒了出来、掉在地板上，便不假思索......"}
{"img_url": "http://www.ichong123.com/files/2019/4/3/190/0a.jpg", "name": "喵星人飞扑电视准备接球 好激动的应援团猫", "info": "可可飞扑电视，准备接球!「这球交给本宫!」米克斯「可可」陪着奴才一起看棒球比赛，正值紧张时刻，牠却突然整隻猫站起来......"}
{"img_url": "http://www.ichong123.com/files/2019/4/3/85/0a.jpg", "name": "锅夹助威灭狗狗威风 毛军团纷纷变成俗辣窜逃", "info": "踢到铁板了!台中市饲主「李进」因为疼狗狗常被欺负，这天他想到了好点子，拿出「锅夹」想助势，希望能灭狗狗威风，毛军团......"}
{"img_url": "http://www.ichong123.com/files/2019/4/1/255/0a.jpg", "name": "拉拉超强鼾声骚扰 如机关枪扫射半夜惊醒主人", "info": "汪打呼声宛如机关枪扫射。拉布拉多「皮蛋」有个厉害特技，牠睡觉时的打呼声非常特别，就像是直升机飞过一样大声，也像机关......"}
{"img_url": "http://www.ichong123.com/files/2019/4/1/114/0a.jpg", "name": "美喵亲自出马狂刷存在感 撩人动作性感又不失霸气", "info": "奴才因为忙于工作而暂时忽略了爱猫。喵星人都主动了，奴才你还在等什么呢?抖音APP用户「鱼汤汤」有段影片最近在网路上......"}
{"img_url": "http://www.ichong123.com/files/2019/4/1/59/0a.jpg", "name": "2幼犬卡在坑洞中吃土维生 志工化身马盖先抢救", "info": "高雄永安鱼塭旁有2隻幼犬卡在坑洞中，且已长达1个多星期的时间，只能吃土维生，情况相当危急，民众见状紧急通报台湾动物......"}
{"img_url": "http://www.ichong123.com/files/2019/4/1/224/0a.jpg", "name": "外出寄件有问题问猫 店家外出留猫解决顾客的问题", "info": "台南蓝晒图园区有一间任性的店家，这天老闆有事外出却没人顾店，索性在板子写上「外出寄件，有问题问猫」，让店猫「妮妮」......"}
{"img_url": "http://www.ichong123.com/files/2019/4/1/168/0a.jpg", "name": "调皮汪第一次捐血乖乖坐着忍痛 我在做有意义的事", "info": "欧告猪猪捐血勇敢的模样让饲主好感动。「我是懂事的热血勇士!」住在屏东的欧告「猪猪」一向都是个调皮欠揍的小屁孩，但是......"}
{"img_url": "http://www.ichong123.com/files/2019/4/1/182/0a.jpg", "name": "回家发现鬆狮弟弟趴着不动 摇动才惊觉全身僵硬了", "info": "鬆狮宝贝包子。他是我最心疼的孩子，他是一隻鬆狮，名字叫包子，他过世的时候刚好满5个月，而实际上我跟他相处只有短短3......"}
{"img_url": "http://www.ichong123.com/files/2019/4/1/240/0a.jpg", "name": "不忍浪浪受苦 护生园收容超过三千只浪浪", "info": "说到台湾的浪浪救援，大概没有人不知道徐文良的大名。他和姊姊徐园长成立的护生园现已收容超过三千隻的浪浪，虽然要照顾如......"}
{"img_url": "http://www.ichong123.com/files/2019/3/30/158/0a.jpg", "name": "遇上路霸+碰瓷的猫 无奈爸爸每下阶梯要小心翼翼", "info": "遇上「路霸+碰瓷」的猫，该怎么办!住在桃园新屋区一名猫奴每次下楼洗澡时，一定碰上「活动型障碍物」，调皮的3岁主子「......"}
{"img_url": "http://www.ichong123.com/files/2019/3/30/189/0a.jpg", "name": "猫哥打呵欠弟弟伸出肉球 狠狠塞进哥哥嘴巴里", "info": "不小心教坏孩子啦～饲主BuBu看见宠物JinGou好像要打呵欠，赶紧拿起手机拍摄，没想到躺在一旁的黑猫Cooper......"}
{"img_url": "http://www.ichong123.com/files/2019/3/30/135/0a.jpg", "name": "萌喵玩纸箱身躯卡遭关 原来不是头过身就过", "info": "台南萌喵「啾啾」超喜欢玩纸箱，但这天牠却卡关，只见牠的大头通过洞后，胖胖的身躯竟卡住无法顺利走出来，只好不断蠕动，......"}
{"img_url": "http://www.ichong123.com/files/2019/3/30/205/0a.jpg", "name": "戏精法斗发现上错车 不但眼睛变红还开始泛泪", "info": "台南市1岁5个月大的法斗「抖抖」平常酷爱兜风，逮到机会就想要人载牠去玩，这天知道要出门，太过于兴奋，跳上机车才发现......"}
{"img_url": "http://www.ichong123.com/files/2019/3/30/19/0a.jpg", "name": "猫对妈咪的浴巾独有情钟 超用力抢到脚脚开掌花", "info": "花宅超用力捍卫宝贝!用生命在捍卫!宾士猫「花宅」对妈咪的浴巾情有独锺，平时总是喜欢把它当成自己的「小被被」，叼着在......"}
{"img_url": "http://www.ichong123.com/files/2019/3/30/148/0a.jpg", "name": "性感的蜜大腿配上翘臀 简直米克斯界的性感女王", "info": "看到这个脸完全没感觉了啦XD。未成年请勿观看!台中市有个米克斯界的性感女王「柳橙皮」，总是趁着大人不注意时，练习摆......"}
{"img_url": "http://www.ichong123.com/files/2019/3/30/20/0a.jpg", "name": "爱就是不离不弃 流浪狗跟新娘一起嫁出去了", "info": "姐姐说，「丁丁是家人，家人是不论做什么都要一起分享的!有了牠人生才完整!」「爱」就是不离不弃，是饲主对毛小孩的责任......"}
{"img_url": "http://www.ichong123.com/files/2019/3/30/121/0a.jpg", "name": "儿子生日送他一份小惊喜 立刻派出爱鸟护送到教室", "info": "难得破例一次，希望儿子能记得「妈妈再忙也没忘记要爱你。因为破例有了美好的珍贵回忆!宜兰市饲主佳萤这天一如往常地载小......"}
{"img_url": "http://www.ichong123.com/files/2019/3/30/159/0a.jpg", "name": "阿金从不愿意被狗碰 变成会保护弟弟的暖姐姐", "info": "身为毛家长，能看到孩子变懂事是最欣慰的事了!台北阿金「Rebee」最大的禁忌就是「被狗碰」，而近期正好家裡来了隻寄......"}
{"img_url": "http://www.ichong123.com/files/2019/3/30/167/0a.jpg", "name": "浪汪下颚断裂腐烂 连吃进一颗饲料都是难事", "info": "养了毛小孩，牠就是我们的家人!长期救援流浪动物的徐文良日前接获通报，有隻雪纳瑞下巴不见、只能露出长长的舌头，杂乱的......"}
{"img_url": "http://www.ichong123.com/files/2019/3/29/176/0a.jpg", "name": "黑汪遭退养3次 重新回到主人身边备受疼爱", "info": "汪汪佔领爸床位。台中市饲主米浆爸分享家中毛孩趣事，地上明明有摆好的床，狗狗们却不捧场，3隻汪「豆浆」、「馒头」、「......"}
{"img_url": "http://www.ichong123.com/files/2019/3/29/47/0a.jpg", "name": "妇人因缺乏结扎的观念 整间房被120只猫咪淹没", "info": "多伦多猫咪救援中心每年都救援、收容超过2700隻猫咪，但这次遇到的情况也令经验丰富的志工们傻眼!一名妇人因为缺乏帮......"}
{"img_url": "http://www.ichong123.com/files/2019/3/29/79/0a.jpg", "name": "浪喵没有特别训练 竟然就自己学会玩123木头人", "info": "桃园8个月大的猫咪「毕鲁」平时亲人聪明，没有特别训练，就会玩123木头人。画面中，牠眼神专注，看见人遮镜头，就知道......"}
{"img_url": "http://www.ichong123.com/files/2019/4/2/42/0a.jpg", "name": "13岁汪哥逼迫当最佳观众 欣赏妹妹表演超无奈", "info": "肖年欸表演哇跨谋啦!住在新北三重的13岁米克斯「抠抠」，总是被家裡的小朋友逼迫着当最佳观众，这天晚上，妹妹心血来潮......"}
{"img_url": "http://www.ichong123.com/files/2019/4/2/46/0a.jpg", "name": "汪自动进店吹冷气 怎么拖都一脸我不走的大爷脸", "info": "「本汪就是要在这边吹冷气，要走你先走!」一名住在马来西亚的槟城饲主TengST，每次带2岁的哈士奇「贝莉莉」去散步......"}
{"img_url": "http://www.ichong123.com/files/2019/4/2/203/0a.jpg", "name": "根本就是猫魂上身 汪星人睡觉前踏踏帮被按摩", "info": "这个汪星人上辈子一定是隻猫!住在基隆市的长毛腊肠「哺哺」每天睡觉前，一定都会像小baby一样爬上床，把棉被当嘴嘴吸......"}
{"img_url": "http://www.ichong123.com/files/2019/4/2/202/0a.jpg", "name": "年迈浪犬被收编 狗生第一次洗澡无奈也是最后一次", "info": "老老黄离世前，洗了人生第一次澡，却也是最后一次。台南网友黄姿榕长期在外喂养年迈浪犬「老老黄」，3个月前她发现狗狗体......"}
{"img_url": "http://www.ichong123.com/files/2019/4/2/84/0a.jpg", "name": "法斗太累走到一半竟断电 楚楚可怜地卡房间门口", "info": "胖迪：我走不动惹……快来人护驾呀!法国斗牛犬「胖迪」刚结束早晨散步，想要回到房间裡休息，可是实在是太累了，走到一半......"}
{"img_url": "http://www.ichong123.com/files/2019/4/2/45/0a.jpg", "name": "网红汪需要天天打皮下点滴 姐决定：不忍受折磨", "info": "黑熊因为被姊姊揹着坐机车开始受到网友关注，灿烂笑容掳获许多粉丝的心。15岁的网红狗狗「黑熊」因年纪关係，身体状况逐......"}
{"img_url": "http://www.ichong123.com/files/2019/4/2/137/0a.jpg", "name": "米克斯汪研发新式游泳姿势 无辜表情撞脸喜德", "info": "最佳创意泳姿奖非你莫属!高雄市饲主JaneYang这天带着毛孩到游泳池玩耍，想不到从来没游泳过的米克斯「咪宝」一进......"}
{"img_url": "http://www.ichong123.com/files/2019/4/2/99/0a.jpg", "name": "米克斯汪肚子饿刻意叼饭碗 暗示主人快放饭", "info": "Mico饿倒在饭碗内。希望醒来后铲屎官能把碗填好填满!屏东1岁半的米克斯Mico肚子饿，刻意叼出饭碗玩，想给主人「......"}
{"img_url": "http://www.ichong123.com/files/2019/4/2/206/0a.jpg", "name": "米克斯汪看到小主人抽象派画像 表情超惊讶", "info": "「原来...我长这样?」台南饲主戴婷婷日前带着6岁的儿子回娘家玩，家中有一隻个性乖巧又会照顾人的米克斯汪淦淦。中午......"}
{"img_url": "http://www.ichong123.com/files/2019/4/2/163/0a.jpg", "name": "粗心爸爸忘记关上遮风罩 兜风猫肉脸被风吹成麻糬", "info": "骑车要戴安全帽，没戴会被罚罐罐喔!台北市内湖区一隻1岁半加菲猫「嬛嬛」，最喜欢跟爸比出去兜风!无奈每次风太大，嬛嬛......"}
{"img_url": "http://www.ichong123.com/files/2019/4/2/154/0a.jpg", "name": "霸王猫在家爆气顶嘴 外出躲进外套折手手泛泪", "info": "阿肥平常在家是个小霸王，常常跟猫奴顶嘴。完美呈现在家一条龙，出外一条虫!新北市土城区一名林先生日前收到领养人传来的......"}
{"img_url": "http://www.ichong123.com/files/2019/4/2/175/0a.jpg", "name": "黑狗沿桌讨饭超专业 吃完一轮再重头来过", "info": "黑狗的眼神从头到尾，都没离开过用餐的客人。看这个身材就知道「饭钱是自己赚来的」!网友CaiYiTing与男友到新北......"}
{"img_url": "http://www.ichong123.com/files/2019/4/2/44/0a.jpg", "name": "汪抢不到玩具气到埋床狂抓 暗示马麻我也想要", "info": "哇来耍脾气，一边偷看对方反应。得不到的总是最好的!1岁虎斑汪「哇来」这天看到另一隻虎斑狗狗「Mini」在咬木头玩具......"}
{"img_url": "http://www.ichong123.com/files/2019/4/2/59/0a.jpg", "name": "摄影师发现瑞士奇景 每家都有猫咪专属的猫楼梯", "info": "瑞士是一个非常注重动物权利的国家，也因此他们制订了许多关于动物福祉的法律。例如以猫来说，他们规定家猫必须要有可以外......"}
{"img_url": "http://www.ichong123.com/files/2019/4/1/208/0a.jpg", "name": "3岁哥哥被吓哭 萌松狮无辜地回头向马麻求救", "info": "人不是我吓的啦!这隻曾让阿公当牧犬人的呆萌鬆狮「阿肥」，不仅喜欢阿公、喜欢吃、也喜欢小朋友，这天牠看到3岁的哥哥坐......"}
{"img_url": "http://www.ichong123.com/files/2019/4/1/46/0a.jpg", "name": "主人拿掉幻像鸡腿 汪汪瞬间从天堂掉到地狱", "info": "哈士奇选了上面放满肉肉的饭碗。这个玩笑话真是让狗狗瞬间从天堂掉到地狱啊!抖音APP用户「64011979」有段影片......"}
{"img_url": "http://www.ichong123.com/files/2019/4/1/190/0a.jpg", "name": "快点救我下来啊 喵星人挂纸门眼神死地摇晃屁股", "info": "猫奴回家看见纸门上有颗大屁股。「猫星人表示，看妳还要多久才要救我!」网友杨晴闵28日在《有点毛毛的》社团分享影片，......"}
{"img_url": "http://www.ichong123.com/files/2019/4/1/61/0a.jpg", "name": "柯基庆生玩太疯好累 洗澡时竟然躺成一直线", "info": "乖的永远是别人家的狗!桃园平镇区饲主叶心芸帮1岁小柯基「Minnie」庆生，首先带牠去吃生日大餐，再带牠去游泳池游......"}
{"img_url": "http://www.ichong123.com/files/2019/4/1/99/0a.jpg", "name": "暖猫晚年时行动不便 屁屁不小心沾到便便却不敢说", "info": "小鬼是个非常温柔又贴心的暖猫。生老病死是每个生命必经的过程，却也是毛家长们最不愿意面对的事情。网友牛十三家中曾有隻......"}
{"img_url": "http://www.ichong123.com/files/2019/4/1/32/0a.jpg", "name": "汪门口设黄金陷阱 把拔开门：画面像巧克力抹吐司", "info": "这年头汪星人竟然连设陷阱都学会了!新北市这隻调皮腊肠「Coffee」一直以来都像是家裡的女王，只要奴才让牠不开心，......"}
